﻿{
  "decimal": "",
  "emptyTable": "Không có giá trị hợp lệ",
  "info": "Xem từ _START_ đên _END_ của _TOTAL_ bản ghi",
  "infoEmpty": "Xem từ 0 đến 0 của 0 bản ghi",
  "infoFiltered": "(filtered from _MAX_ total entries)",
  "infoPostFix": "",
  "thousands": ",",
  "lengthMenu": "Show _MENU_ entries",
  "loadingRecords": "Loading...",
  "processing": "Processing...",
  "search": "Search:",
  "zeroRecords": "No matching records found",
  "paginate": {
    "first": "First",
    "last": "Last",
    "next": "Next",
    "previous": "Previous"
  },
  "aria": {
    "sortAscending": ": activate to sort column ascending",
    "sortDescending": ": activate to sort column descending"
  }
}